Modelo,CV_F1_Mean,CV_F1_Std
Random Forest,0.3508374121194765,0.007832490185828541
XGBoost,0.3449912568147754,0.007573870358411482
Logistic Regression,0.3504474756076337,0.00630863316845459
